average_age,SD_age,average_gender,SD_gender,num_subjects
34.91379310344828,9.981507872334204,0.46551724137931033,0.4988095221203253,58
