average_age,SD_age,average_gender,SD_gender,num_subjects
31.584269662921347,11.550386917751016,0.30337078651685395,0.45971398978604006,89
