average_age,SD_age,average_gender,SD_gender,num_subjects
36.77777777777778,12.900497645679133,0.5555555555555556,0.4969039949999533,72
