average_age,SD_age,average_gender,SD_gender,num_subjects
33.583333333333336,10.525432163204616,0.1875,0.3903123748998999,48
