average_age,SD_age,average_gender,SD_gender,num_subjects
39.02777777777778,10.884459132969535,0.3055555555555556,0.46064233199380555,36
