average_age,SD_age,average_gender,SD_gender
39.40599769319493,13.577547095346977,0.5023041474654378,0.5001387608089182
